date,index_open,index_high,index_low,index_close,index_volume,etf_open,etf_high,etf_low,etf_close,etf_volume,etf_amount
2023-07-03,6617.076000,6640.339000,6571.843000,6612.884000,16097735600.000000,,,,,,
2023-07-04,6610.664000,6639.816000,6599.600000,6638.447000,13974279500.000000,,,,,,
2023-07-05,6632.367000,6642.549000,6575.730000,6584.423000,13305228000.000000,,,,,,
2023-07-06,6573.576000,6619.292000,6558.885000,6567.079000,12407726800.000000,,,,,,
2023-07-07,6553.558000,6558.108000,6486.115000,6521.427000,12359954100.000000,,,,,,
2023-07-10,6539.079000,6556.154000,6501.746000,6526.852000,12045093600.000000,,,,,,
2023-07-11,6531.628000,6579.370000,6514.991000,6579.370000,11960364400.000000,,,,,,
2023-07-12,6576.942000,6576.962000,6476.847000,6482.987000,14020447100.000000,,,,,,
2023-07-13,6497.809000,6553.599000,6497.758000,6548.313000,13511775700.000000,,,,,,
2023-07-14,6554.535000,6571.144000,6538.646000,6544.459000,13563197100.000000,,,,,,
2023-07-17,6524.605000,6525.187000,6481.286000,6516.560000,12640877300.000000,,,,,,
2023-07-18,6519.757000,6537.914000,6490.059000,6510.034000,11996865300.000000,,,,,,
2023-07-19,6508.523000,6530.543000,6459.443000,6492.349000,10913633500.000000,,,,,,
2023-07-20,6497.778000,6512.449000,6404.123000,6408.760000,12215096200.000000,,,,,,
2023-07-21,6397.154000,6447.296000,6378.197000,6401.417000,11359084900.000000,,,,,,
2023-07-24,6397.431000,6437.989000,6370.055000,6393.794000,10904946500.000000,,,,,,
2023-07-25,6448.271000,6499.416000,6444.579000,6498.269000,14736572700.000000,,,,,,
2023-07-26,6497.595000,6497.595000,6441.558000,6457.254000,14958352200.000000,,,,,,
2023-07-27,6458.484000,6475.830000,6397.595000,6407.546000,14462435800.000000,,,,,,
2023-07-28,6389.435000,6471.676000,6369.372000,6465.376000,15726753200.000000,,,,,,
2023-07-31,6475.828000,6549.745000,6475.828000,6515.849000,18381598000.000000,,,,,,
2023-08-01,6513.140000,6521.970000,6482.168000,6507.412000,18432646400.000000,,,,,,
2023-08-02,6499.864000,6515.069000,6475.423000,6496.022000,16864628900.000000,,,,,,
2023-08-03,6472.113000,6502.545000,6460.280000,6499.545000,16347139500.000000,,,,,,
2023-08-04,6514.540000,6561.739000,6505.861000,6535.322000,19462299900.000000,,,,,,
2023-08-07,6524.296000,6532.518000,6485.662000,6503.983000,16891941200.000000,,,,,,
2023-08-08,6496.590000,6500.902000,6457.247000,6471.344000,14274341400.000000,,,,,,
2023-08-09,6452.980000,6464.363000,6411.228000,6420.977000,13231946700.000000,,,,,,
2023-08-10,6409.222000,6438.431000,6392.895000,6426.814000,13195769200.000000,,,,,,
2023-08-11,6428.879000,6428.879000,6304.635000,6304.635000,14901672900.000000,,,,,,
2023-08-14,6251.966000,6320.949000,6213.976000,6319.407000,13839222100.000000,,,,,,
2023-08-15,6318.548000,6325.574000,6203.443000,6261.733000,12270310700.000000,,,,,,
2023-08-16,6240.712000,6255.811000,6186.403000,6186.403000,12495875900.000000,,,,,,
2023-08-17,6167.654000,6255.050000,6128.131000,6247.601000,12913523800.000000,,,,,,
2023-08-18,6245.126000,6259.791000,6117.107000,6117.107000,13921253900.000000,,,,,,
2023-08-21,6107.924000,6154.250000,6057.171000,6057.171000,11709169600.000000,,,,,,
2023-08-22,6082.721000,6108.210000,5984.437000,6099.195000,14428242200.000000,,,,,,
2023-08-23,6084.154000,6084.154000,5973.646000,5973.671000,12842238200.000000,,,,,,
2023-08-24,5989.428000,6049.546000,5942.567000,5987.966000,13419745100.000000,,,,,,
2023-08-25,5960.589000,5980.241000,5855.878000,5879.027000,14011710800.000000,,,,,,
2023-08-28,6204.104000,6204.104000,5907.941000,5922.162000,21087009800.000000,,,,,,
2023-08-29,5909.462000,6121.591000,5907.961000,6108.759000,18668957600.000000,,,,,,
2023-08-30,6117.411000,6185.273000,6102.091000,6139.627000,16749956000.000000,,,,,,
2023-08-31,6130.642000,6130.953000,6087.327000,6104.295000,14304040900.000000,,,,,,
2023-09-01,6108.128000,6136.782000,6086.271000,6107.200000,12401705300.000000,,,,,,
2023-09-04,6129.539000,6198.762000,6109.097000,6198.762000,15550728100.000000,,,,,,
2023-09-05,6188.515000,6206.346000,6154.830000,6167.642000,14106799900.000000,,,,,,
2023-09-06,6146.394000,6202.324000,6117.806000,6195.383000,12971766400.000000,,,,,,
2023-09-07,6185.328000,6185.328000,6083.489000,6083.489000,13225411600.000000,,,,,,
2023-09-08,6063.241000,6128.839000,6062.897000,6102.488000,11891827900.000000,,,,,,
2023-09-11,6114.067000,6204.434000,6083.391000,6182.643000,14400329900.000000,,,,,,
2023-09-12,6175.635000,6212.260000,6169.035000,6184.606000,12051225300.000000,,,,,,
2023-09-13,6169.529000,6177.385000,6059.287000,6103.137000,12503267600.000000,,,,,,
2023-09-14,6101.773000,6102.488000,6037.717000,6068.713000,11444184400.000000,,,,,,
2023-09-15,6082.194000,6117.821000,6046.874000,6079.063000,12419690300.000000,,,,,,
2023-09-18,6058.297000,6106.265000,6029.973000,6083.969000,11839445700.000000,,,,,,
2023-09-19,6077.396000,6077.396000,6011.908000,6031.042000,11274599300.000000,,,,,,
2023-09-20,6020.910000,6038.752000,5982.105000,5982.558000,10572797400.000000,,,,,,
2023-09-21,5968.350000,5999.401000,5931.104000,5939.664000,9970952900.000000,,,,,,
2023-09-22,5934.266000,6056.446000,5923.243000,6054.928000,13355677200.000000,,,,,,
2023-09-25,6051.821000,6058.465000,6014.613000,6027.394000,12953261200.000000,,,,,,
2023-09-26,6017.302000,6034.855000,5996.047000,5996.110000,11406156300.000000,,,,,,
2023-09-27,5989.803000,6063.912000,5989.160000,6034.061000,12166233000.000000,,,,,,
2023-09-28,6048.833000,6085.533000,6048.677000,6078.945000,12775925600.000000,,,,,,
2023-10-09,6073.276000,6075.464000,6025.358000,6059.965000,13675596400.000000,,,,,,
2023-10-10,6069.905000,6084.931000,6037.466000,6043.482000,14081531200.000000,,,,,,
2023-10-11,6056.029000,6105.416000,6040.502000,6059.401000,14360113000.000000,,,,,,
2023-10-12,6088.545000,6106.950000,6064.819000,6104.456000,14545282400.000000,,,,,,
2023-10-13,6080.328000,6091.538000,6063.558000,6081.866000,14411508900.000000,,,,,,
2023-10-16,6089.424000,6089.482000,5996.789000,6024.359000,16445921700.000000,,,,,,
2023-10-17,6027.914000,6028.021000,5967.300000,6011.370000,13942123400.000000,,,,,,
2023-10-18,5992.509000,5992.509000,5905.836000,5908.008000,14506515300.000000,,,,,,
2023-10-19,5879.808000,5929.580000,5842.412000,5842.892000,15549780100.000000,,,,,,
2023-10-20,5816.717000,5855.462000,5767.021000,5774.320000,13896434900.000000,,,,,,
2023-10-23,5754.177000,5754.245000,5613.730000,5638.136000,14584585400.000000,,,,,,
2023-10-24,5654.926000,5734.549000,5625.709000,5719.323000,15155306600.000000,,,,,,
2023-10-25,5753.685000,5811.268000,5752.786000,5778.905000,16359732600.000000,,,,,,
2023-10-26,5745.534000,5817.634000,5724.000000,5811.692000,15727583200.000000,,,,,,
2023-10-27,5792.606000,5937.540000,5774.631000,5916.678000,17217964600.000000,,,,,,
2023-10-30,5899.380000,6017.281000,5898.694000,6006.559000,17928105200.000000,,,,,,
2023-10-31,6003.365000,6013.733000,5934.205000,5969.341000,16531844100.000000,,,,,,
2023-11-01,5969.807000,5983.869000,5943.193000,5958.418000,14745112800.000000,,,,,,
2023-11-02,5958.477000,5983.222000,5885.247000,5885.247000,14014441200.000000,,,,,,
2023-11-03,5895.602000,5992.746000,5895.602000,5973.167000,14612020600.000000,,,,,,
2023-11-06,6007.434000,6097.037000,6007.434000,6096.570000,18660314600.000000,,,,,,
2023-11-07,6088.511000,6132.138000,6068.244000,6116.757000,17394670700.000000,,,,,,
2023-11-08,6114.987000,6160.242000,6099.292000,6138.938000,18396408800.000000,,,,,,
2023-11-09,6135.072000,6160.979000,6087.728000,6100.693000,16224431900.000000,,,,,,
2023-11-10,6079.473000,6097.611000,6055.988000,6088.558000,14156760500.000000,,,,,,
2023-11-13,6107.269000,6144.635000,6095.275000,6144.635000,15035960600.000000,,,,,,
2023-11-14,6143.481000,6189.500000,6133.223000,6181.980000,16017236300.000000,,,,,,
2023-11-15,6226.198000,6234.536000,6184.900000,6207.268000,16761318800.000000,,,,,,
2023-11-16,6188.826000,6193.638000,6143.819000,6145.151000,14368211600.000000,,,,,,
2023-11-17,6135.825000,6199.231000,6131.666000,6199.228000,14598965800.000000,,,,,,
2023-11-20,6211.339000,6254.136000,6184.638000,6253.276000,16024627100.000000,,,,,,
2023-11-21,6258.741000,6267.220000,6200.691000,6212.125000,17615066500.000000,,,,,,
2023-11-22,6193.358000,6221.871000,6132.970000,6132.970000,17118316300.000000,,,,,,
2023-11-23,6123.586000,6199.875000,6107.004000,6197.526000,15210718300.000000,,,,,,
2023-11-24,6194.024000,6194.024000,6098.961000,6115.407000,14981599200.000000,,,,,,
2023-11-27,6107.562000,6130.401000,6076.711000,6111.364000,15443307700.000000,,,,,,
2023-11-28,6099.512000,6143.302000,6065.688000,6143.302000,12836813300.000000,,,,,,
2023-11-29,6138.761000,6154.898000,6103.983000,6113.366000,13564395200.000000,,,,,,
2023-11-30,6104.774000,6110.408000,6031.475000,6080.547000,13103299900.000000,,,,,,
2023-12-01,6078.639000,6142.739000,6059.803000,6130.051000,14535274400.000000,0.995000,0.996000,0.989000,0.996000,1702223.000000,169210978.000000
2023-12-04,6131.588000,6147.053000,6110.253000,6114.393000,15341436500.000000,0.996000,0.999000,0.994000,0.995000,764056.000000,76122404.000000
2023-12-05,6098.117000,6098.117000,5992.600000,5992.600000,14277542700.000000,0.990000,0.991000,0.977000,0.977000,169986.000000,16745595.000000
2023-12-06,5977.611000,6066.418000,5970.282000,6023.804000,14432062400.000000,0.975000,0.981000,0.972000,0.975000,205901.000000,20114493.000000
2023-12-07,6019.960000,6044.858000,5983.245000,6020.830000,14853662700.000000,0.977000,0.979000,0.969000,0.976000,219045.000000,21342739.000000
2023-12-08,6021.919000,6056.063000,6003.144000,6003.144000,16797128200.000000,0.976000,0.980000,0.974000,0.976000,141452.000000,13831812.000000
2023-12-11,5984.677000,6080.804000,5933.736000,6075.080000,15984343600.000000,0.977000,0.984000,0.919000,0.980000,181866.000000,17706755.000000
2023-12-12,6070.875000,6084.279000,6050.735000,6078.990000,12971208800.000000,0.980000,0.987000,0.978000,0.987000,216727.000000,21318323.000000
2023-12-13,6067.781000,6076.361000,6019.553000,6019.553000,12254715000.000000,0.985000,0.985000,0.976000,0.977000,174516.000000,17107677.000000
2023-12-14,6038.921000,6072.615000,5989.234000,5991.862000,12019938200.000000,0.977000,0.981000,0.973000,0.974000,166891.000000,16302263.000000
2023-12-15,6000.259000,6016.396000,5935.317000,5951.600000,12371010000.000000,0.974000,0.980000,0.969000,0.971000,249762.000000,24311160.000000
2023-12-18,5939.435000,5941.897000,5845.961000,5857.005000,12525942300.000000,0.971000,0.973000,0.962000,0.968000,211612.000000,20490833.000000
2023-12-19,5853.195000,5887.765000,5820.513000,5863.542000,11168267500.000000,0.968000,0.969000,0.961000,0.966000,216784.000000,20899679.000000
2023-12-20,5869.561000,5873.759000,5761.312000,5761.312000,11163005300.000000,0.966000,0.968000,0.958000,0.960000,192801.000000,18564530.000000
2023-12-21,5739.021000,5814.036000,5685.642000,5798.912000,12494910000.000000,0.956000,0.965000,0.952000,0.962000,305485.000000,29245402.000000
2023-12-22,5797.609000,5819.650000,5713.805000,5733.909000,14116708500.000000,0.962000,0.968000,0.958000,0.963000,254264.000000,24484491.000000
2023-12-25,5726.562000,5753.434000,5698.324000,5735.726000,10963896300.000000,0.963000,0.964000,0.959000,0.964000,219891.000000,21141825.000000
2023-12-26,5734.150000,5734.556000,5632.872000,5651.588000,10406327600.000000,0.964000,0.964000,0.957000,0.960000,160514.000000,15395192.000000
2023-12-27,5658.194000,5703.169000,5636.943000,5696.161000,10826535400.000000,0.960000,0.963000,0.955000,0.962000,205697.000000,19753679.000000
2023-12-28,5687.753000,5824.395000,5660.130000,5805.527000,14413438300.000000,0.962000,0.978000,0.960000,0.975000,370560.000000,35984526.000000
2023-12-29,5797.576000,5891.627000,5795.757000,5887.235000,13469077800.000000,0.976000,0.982000,0.975000,0.981000,262707.000000,25724525.000000
2024-01-02,5891.174000,5891.227000,5854.592000,5854.749000,12837767000.000000,0.981000,0.983000,0.978000,0.978000,214869.000000,21070112.000000
2024-01-03,5838.553000,5861.411000,5785.252000,5824.043000,11924892500.000000,0.976000,0.983000,0.975000,0.981000,199236.000000,19518342.000000
2024-01-04,5814.937000,5814.937000,5753.467000,5783.016000,10295253400.000000,0.982000,0.982000,0.971000,0.978000,133251.000000,12989906.000000
2024-01-05,5779.757000,5796.759000,5652.126000,5675.809000,11920519700.000000,0.977000,0.983000,0.968000,0.972000,193755.000000,18922102.000000
2024-01-08,5664.453000,5664.453000,5543.575000,5543.575000,11051272600.000000,0.972000,0.972000,0.958000,0.962000,223613.000000,21543454.000000
2024-01-09,5553.184000,5607.218000,5513.130000,5553.304000,11022322300.000000,0.962000,0.963000,0.955000,0.961000,168029.000000,16108491.000000
2024-01-10,5540.664000,5580.419000,5462.362000,5512.069000,10649944600.000000,0.960000,0.964000,0.954000,0.957000,164478.000000,15760518.000000
2024-01-11,5507.803000,5634.025000,5502.294000,5611.115000,12471774900.000000,0.957000,0.962000,0.952000,0.958000,163060.000000,15603200.000000
2024-01-12,5601.098000,5646.272000,5574.408000,5574.493000,12106688100.000000,0.958000,0.964000,0.955000,0.959000,158591.000000,15223617.000000
2024-01-15,5558.148000,5607.134000,5520.363000,5559.376000,10866718400.000000,0.956000,0.963000,0.952000,0.958000,135374.000000,12970485.000000
2024-01-16,5555.000000,5566.210000,5463.295000,5539.474000,11680310800.000000,0.958000,0.961000,0.951000,0.961000,216534.000000,20674324.000000
2024-01-17,5529.895000,5529.895000,5389.122000,5389.122000,10403735400.000000,0.959000,0.959000,0.941000,0.942000,273474.000000,26057783.000000
2024-01-18,5360.206000,5375.234000,5214.899000,5373.424000,14871103600.000000,0.935000,0.950000,0.920000,0.946000,445058.000000,41372936.000000
2024-01-19,5364.807000,5395.137000,5304.960000,5306.986000,10643108600.000000,0.938000,0.946000,0.937000,0.941000,271202.000000,25536841.000000
2024-01-22,5298.314000,5298.314000,4970.198000,5000.834000,14425251200.000000,0.941000,0.941000,0.912000,0.919000,475121.000000,44053747.000000
2024-01-23,4992.792000,5102.443000,4939.520000,5079.632000,13028824100.000000,0.912000,0.924000,0.906000,0.920000,381738.000000,34972905.000000
2024-01-24,5102.825000,5151.423000,4951.901000,5143.408000,14332644100.000000,0.921000,0.939000,0.911000,0.934000,483356.000000,44694259.000000
2024-01-25,5143.289000,5316.261000,5112.535000,5316.195000,16314491700.000000,0.934000,0.966000,0.931000,0.964000,715494.000000,68022431.000000
2024-01-26,5303.961000,5352.846000,5253.317000,5269.765000,15541566100.000000,0.964000,0.970000,0.958000,0.965000,585986.000000,56452466.000000
2024-01-29,5282.817000,5301.871000,5131.247000,5131.247000,15000089200.000000,0.965000,0.971000,0.958000,0.958000,409351.000000,39484839.000000
2024-01-30,5099.587000,5144.294000,4978.910000,4984.660000,12501506900.000000,0.958000,0.958000,0.939000,0.943000,298563.000000,28367737.000000
2024-01-31,4949.188000,4986.102000,4775.623000,4785.032000,15823715500.000000,0.938000,0.944000,0.927000,0.930000,344906.000000,32222367.000000
2024-02-01,4753.639000,4858.715000,4684.473000,4750.444000,14711551600.000000,0.928000,0.936000,0.919000,0.927000,360662.000000,33414209.000000
2024-02-02,4753.668000,4802.619000,4431.815000,4574.669000,17688543500.000000,0.926000,0.930000,0.895000,0.922000,761429.000000,69567097.000000
2024-02-05,4534.752000,4534.752000,4177.943000,4293.070000,21127433000.000000,0.910000,0.914000,0.882000,0.902000,690656.000000,61968198.000000
2024-02-06,4229.794000,4641.455000,4192.965000,4592.444000,21018741000.000000,0.897000,0.930000,0.888000,0.922000,631752.000000,57460215.000000
2024-02-07,4604.122000,4848.236000,4599.351000,4797.846000,21621331700.000000,0.923000,0.936000,0.917000,0.934000,479795.000000,44446922.000000
2024-02-08,4826.143000,5067.228000,4826.143000,4993.105000,21762005900.000000,0.935000,0.953000,0.933000,0.952000,549383.000000,51743797.000000
2024-02-19,5062.685000,5071.200000,4950.328000,5029.586000,20387099600.000000,0.955000,0.967000,0.952000,0.967000,497332.000000,47758067.000000
2024-02-20,5004.420000,5058.217000,4950.394000,5046.012000,15434428500.000000,0.965000,0.974000,0.958000,0.970000,348518.000000,33691956.000000
2024-02-21,5001.657000,5208.649000,4974.076000,5073.482000,19328052700.000000,0.970000,0.997000,0.965000,0.984000,542382.000000,53432192.000000
2024-02-22,5075.432000,5152.024000,5066.003000,5151.534000,15306429500.000000,0.983000,0.993000,0.978000,0.991000,253565.000000,25017452.000000
2024-02-23,5169.013000,5225.670000,5114.145000,5225.670000,17121369300.000000,0.991000,1.000000,0.990000,0.996000,270390.000000,26904077.000000
2024-02-26,5234.805000,5325.770000,5201.125000,5255.396000,18447164300.000000,0.996000,1.000000,0.985000,0.988000,300186.000000,29821147.000000
2024-02-27,5237.105000,5394.034000,5218.586000,5394.034000,18262237200.000000,0.985000,0.999000,0.983000,0.998000,332196.000000,32996596.000000
2024-02-28,5403.496000,5478.086000,5152.052000,5152.052000,26074238200.000000,0.997000,1.004000,0.982000,0.983000,550639.000000,54889917.000000
2024-02-29,5122.180000,5344.605000,5122.180000,5344.605000,18803623800.000000,0.978000,0.995000,0.974000,0.994000,337962.000000,33378217.000000
2024-03-01,5354.731000,5411.323000,5322.086000,5401.939000,18443648700.000000,0.992000,1.001000,0.989000,1.000000,422366.000000,42144478.000000
2024-03-04,5412.908000,5429.801000,5332.238000,5428.336000,17930820500.000000,1.000000,1.004000,0.995000,1.004000,320438.000000,32093100.000000
2024-03-05,5392.877000,5417.816000,5337.665000,5375.132000,17416691100.000000,1.003000,1.008000,1.000000,1.008000,478433.000000,48126018.000000
2024-03-06,5346.079000,5434.402000,5306.456000,5381.459000,15468437100.000000,1.007000,1.011000,1.003000,1.007000,286182.000000,28831611.000000
2024-03-07,5389.989000,5430.392000,5303.277000,5303.277000,16102386000.000000,1.007000,1.014000,1.002000,1.003000,307713.000000,31013348.000000
2024-03-08,5309.594000,5386.176000,5283.146000,5370.372000,13913089500.000000,1.003000,1.008000,1.000000,1.008000,236664.000000,23789790.000000
2024-03-11,5358.837000,5466.646000,5350.292000,5466.646000,16413344200.000000,1.008000,1.015000,1.005000,1.015000,292358.000000,29537891.000000
2024-03-12,5477.131000,5524.505000,5443.965000,5496.355000,18398414000.000000,1.015000,1.017000,1.009000,1.014000,260115.000000,26345277.000000
2024-03-13,5501.586000,5561.082000,5476.786000,5521.784000,18127080700.000000,1.013000,1.015000,1.005000,1.009000,250435.000000,25289857.000000
2024-03-14,5521.716000,5546.103000,5433.208000,5486.646000,16894817200.000000,1.009000,1.014000,1.002000,1.007000,261040.000000,26336604.000000
2024-03-15,5472.893000,5555.644000,5459.317000,5555.644000,16109584100.000000,1.007000,1.012000,1.002000,1.011000,202064.000000,20334909.000000
2024-03-18,5573.927000,5648.012000,5559.052000,5648.012000,19341951700.000000,1.012000,1.021000,1.012000,1.021000,277719.000000,28226026.000000
2024-03-19,5633.504000,5660.502000,5607.256000,5607.475000,18111809600.000000,1.021000,1.023000,1.015000,1.016000,178504.000000,18187616.000000
2024-03-20,5600.125000,5663.738000,5600.125000,5659.154000,17930765400.000000,1.016000,1.023000,1.013000,1.022000,222719.000000,22696845.000000
2024-03-21,5674.495000,5690.455000,5623.297000,5658.279000,19433294600.000000,1.022000,1.025000,1.018000,1.022000,177866.000000,18158364.000000
2024-03-22,5649.083000,5660.145000,5546.779000,5595.885000,21025432700.000000,1.021000,1.021000,1.005000,1.012000,358075.000000,36214884.000000
2024-03-25,5581.351000,5611.694000,5466.062000,5466.062000,20470538200.000000,1.008000,1.018000,1.007000,1.009000,267728.000000,27109894.000000
2024-03-26,5454.653000,5495.633000,5381.853000,5447.748000,18318068400.000000,1.007000,1.010000,1.001000,1.008000,258529.000000,25985406.000000
2024-03-27,5435.971000,5436.652000,5266.231000,5266.231000,17917350400.000000,1.007000,1.009000,0.998000,0.999000,230559.000000,23144768.000000
2024-03-28,5262.220000,5430.767000,5262.220000,5382.236000,17859873500.000000,0.998000,1.008000,0.993000,1.003000,240053.000000,24051342.000000
2024-03-29,5383.745000,5441.260000,5345.872000,5441.260000,16865343100.000000,1.003000,1.012000,1.000000,1.012000,252974.000000,25485673.000000
2024-04-01,5461.587000,5559.868000,5461.587000,5559.056000,19102570700.000000,1.013000,1.025000,1.013000,1.025000,272854.000000,27877676.000000
2024-04-02,5556.517000,5556.517000,5490.824000,5531.052000,19609745900.000000,1.024000,1.028000,1.023000,1.027000,254332.000000,26076811.000000
2024-04-03,5518.911000,5525.034000,5457.614000,5500.926000,18629106600.000000,1.027000,1.027000,1.020000,1.026000,206093.000000,21110010.000000
2024-04-08,5487.632000,5492.397000,5399.915000,5399.915000,18657335900.000000,1.022000,1.027000,1.016000,1.017000,214157.000000,21863100.000000
2024-04-09,5392.994000,5468.911000,5384.030000,5468.911000,15920115900.000000,1.017000,1.020000,1.014000,1.019000,158974.000000,16161015.000000
2024-04-10,5456.972000,5456.972000,5325.912000,5367.052000,16745949300.000000,1.019000,1.020000,1.008000,1.012000,208820.000000,21162041.000000
2024-04-11,5330.685000,5441.502000,5322.839000,5379.915000,16514370000.000000,1.006000,1.018000,1.005000,1.014000,315223.000000,32007568.000000
2024-04-12,5379.170000,5408.520000,5330.542000,5338.769000,15717452200.000000,1.014000,1.017000,1.007000,1.010000,164541.000000,16673171.000000
2024-04-15,5320.809000,5364.594000,5205.713000,5287.512000,20171102800.000000,1.010000,1.024000,1.002000,1.022000,278983.000000,28357108.000000
2024-04-16,5255.207000,5283.832000,5063.940000,5066.660000,20717194000.000000,1.021000,1.021000,1.004000,1.006000,381632.000000,38545631.000000
2024-04-17,5109.082000,5287.456000,5109.082000,5287.456000,19007939500.000000,1.004000,1.026000,1.004000,1.026000,427197.000000,43366071.000000
2024-04-18,5276.471000,5345.436000,5233.899000,5286.719000,18822505800.000000,1.025000,1.037000,1.021000,1.027000,413699.000000,42615032.000000
2024-04-19,5257.010000,5312.151000,5224.319000,5264.389000,17887021100.000000,1.026000,1.031000,1.021000,1.026000,252816.000000,25958277.000000
2024-04-22,5231.564000,5300.793000,5187.523000,5246.082000,16776222900.000000,1.026000,1.030000,1.021000,1.024000,245149.000000,25138145.000000
2024-04-23,5234.434000,5260.294000,5194.262000,5218.428000,15685139400.000000,1.022000,1.022000,1.012000,1.015000,329677.000000,33486531.000000
2024-04-24,5219.257000,5305.607000,5200.598000,5305.607000,16266674900.000000,1.015000,1.021000,1.012000,1.021000,238890.000000,24298501.000000
2024-04-25,5285.137000,5357.441000,5273.553000,5313.986000,15783124800.000000,1.020000,1.025000,1.017000,1.023000,278420.000000,28443584.000000
2024-04-26,5303.151000,5420.365000,5303.151000,5415.938000,21088692700.000000,1.023000,1.032000,1.023000,1.031000,345825.000000,35550249.000000
2024-04-29,5422.411000,5550.214000,5422.411000,5545.235000,24143974400.000000,1.030000,1.038000,1.025000,1.038000,394358.000000,40737093.000000
2024-04-30,5530.944000,5542.193000,5482.988000,5497.430000,20490974300.000000,1.036000,1.042000,1.034000,1.037000,191835.000000,19915621.000000
2024-05-06,5558.924000,5611.266000,5558.924000,5606.842000,20517402800.000000,1.042000,1.050000,1.042000,1.050000,206089.000000,21574836.000000
2024-05-07,5604.271000,5631.953000,5593.008000,5625.336000,18562254000.000000,1.049000,1.052000,1.046000,1.051000,212352.000000,22273909.000000
2024-05-08,5605.592000,5605.592000,5529.914000,5536.659000,17573098800.000000,1.051000,1.051000,1.044000,1.045000,144585.000000,15129592.000000
2024-05-09,5533.513000,5638.640000,5533.513000,5626.825000,17267826100.000000,1.046000,1.054000,1.045000,1.053000,139517.000000,14662365.000000
2024-05-10,5632.759000,5641.922000,5549.610000,5574.232000,18837704400.000000,1.053000,1.056000,1.048000,1.053000,186127.000000,19592687.000000
2024-05-13,5537.928000,5556.708000,5479.946000,5520.804000,18030863900.000000,1.050000,1.056000,1.045000,1.053000,150342.000000,15809589.000000
2024-05-14,5524.434000,5574.251000,5524.263000,5551.675000,16958506700.000000,1.053000,1.056000,1.050000,1.052000,131585.000000,13837674.000000
2024-05-15,5541.809000,5551.263000,5491.523000,5497.235000,16330459800.000000,1.052000,1.052000,1.044000,1.045000,134836.000000,14115240.000000
2024-05-16,5508.950000,5539.919000,5474.281000,5488.946000,16979800200.000000,1.046000,1.050000,1.043000,1.046000,163284.000000,17098830.000000
2024-05-17,5489.416000,5564.063000,5478.297000,5563.231000,18287308100.000000,1.044000,1.054000,1.043000,1.054000,166802.000000,17472080.000000
2024-05-20,5563.654000,5612.346000,5548.903000,5596.777000,19747644100.000000,1.054000,1.061000,1.053000,1.061000,159530.000000,16880943.000000
2024-05-21,5586.009000,5586.009000,5517.390000,5536.745000,17295988000.000000,1.059000,1.060000,1.054000,1.057000,141519.000000,14943427.000000
2024-05-22,5532.843000,5553.697000,5508.758000,5539.660000,16800299300.000000,1.057000,1.060000,1.055000,1.057000,51617.000000,5456129.000000
2024-05-23,5521.180000,5521.180000,5402.004000,5412.824000,17580671000.000000,1.057000,1.057000,1.042000,1.044000,237421.000000,24828076.000000
2024-05-24,5401.583000,5436.813000,5350.106000,5350.107000,15105011400.000000,1.044000,1.048000,1.034000,1.036000,215364.000000,22397893.000000
2024-05-27,5358.076000,5404.616000,5295.088000,5404.616000,15140911400.000000,1.036000,1.045000,1.034000,1.045000,180034.000000,18706598.000000
2024-05-28,5390.405000,5414.978000,5343.830000,5348.029000,14845805000.000000,1.045000,1.046000,1.038000,1.041000,171018.000000,17825592.000000
2024-05-29,5336.697000,5386.783000,5324.687000,5351.252000,14269866300.000000,1.040000,1.046000,1.037000,1.040000,170389.000000,17742172.000000
2024-05-30,5334.797000,5371.807000,5311.439000,5334.296000,14132317100.000000,1.038000,1.043000,1.030000,1.035000,194290.000000,20131875.000000
2024-05-31,5334.099000,5381.716000,5334.099000,5355.210000,13673513700.000000,1.038000,1.039000,1.034000,1.037000,147685.000000,15302060.000000
2024-06-03,5350.643000,5351.252000,5246.169000,5284.624000,16338815200.000000,1.037000,1.037000,1.025000,1.031000,179788.000000,18524897.000000
2024-06-04,5267.362000,5319.709000,5229.676000,5313.708000,14512777700.000000,1.029000,1.035000,1.025000,1.033000,145517.000000,14980650.000000
2024-06-05,5294.301000,5330.804000,5244.085000,5244.085000,13214350400.000000,1.031000,1.034000,1.025000,1.026000,156934.000000,16140355.000000
2024-06-06,5249.950000,5275.886000,5113.214000,5130.869000,16979325500.000000,1.026000,1.029000,1.018000,1.022000,256832.000000,26283746.000000
2024-06-07,5159.173000,5189.995000,5096.084000,5153.587000,13032020200.000000,1.022000,1.027000,1.017000,1.023000,176137.000000,17992796.000000
2024-06-11,5132.218000,5208.179000,5086.860000,5198.923000,12853390400.000000,1.018000,1.021000,1.011000,1.016000,287453.000000,29186016.000000
2024-06-12,5188.358000,5231.469000,5186.607000,5216.462000,12165075200.000000,1.015000,1.021000,1.014000,1.020000,199317.000000,20282362.000000
2024-06-13,5214.412000,5219.708000,5170.166000,5180.236000,13117250700.000000,1.019000,1.019000,1.015000,1.017000,140937.000000,14326192.000000
2024-06-14,5164.872000,5190.712000,5138.358000,5180.651000,13913297800.000000,1.015000,1.020000,1.013000,1.020000,200223.000000,20355709.000000
2024-06-17,5158.980000,5211.390000,5151.277000,5183.968000,12461637200.000000,1.016000,1.019000,1.013000,1.016000,189082.000000,19205191.000000
2024-06-18,5183.271000,5237.819000,5177.277000,5227.254000,13546066300.000000,1.014000,1.019000,1.014000,1.018000,151267.000000,15384905.000000
2024-06-19,5230.488000,5241.967000,5159.995000,5159.995000,12580622900.000000,1.018000,1.019000,1.015000,1.017000,136652.000000,13901924.000000
2024-06-20,5150.796000,5174.875000,5052.885000,5056.138000,14150084500.000000,1.016000,1.019000,1.012000,1.014000,212127.000000,21517151.000000
2024-06-21,5040.629000,5090.570000,5014.479000,5055.333000,11120168900.000000,1.013000,1.015000,1.008000,1.014000,188432.000000,19064199.000000
2024-06-24,5025.517000,5029.731000,4884.497000,4887.777000,12891516300.000000,1.010000,1.010000,0.999000,1.001000,329375.000000,33049182.000000
2024-06-25,4885.890000,4907.955000,4814.680000,4847.611000,11259330000.000000,1.001000,1.003000,0.993000,0.998000,265270.000000,26492765.000000
2024-06-26,4842.004000,4988.308000,4812.100000,4986.384000,13802752900.000000,0.997000,1.007000,0.993000,1.006000,269039.000000,26887939.000000
2024-06-27,4964.659000,4969.089000,4862.634000,4864.086000,12164291100.000000,1.004000,1.004000,0.998000,0.999000,196566.000000,19664041.000000
2024-06-28,4855.351000,4968.273000,4851.835000,4895.987000,13456779600.000000,0.995000,1.013000,0.995000,1.007000,306306.000000,30838811.000000
2024-07-01,4894.559000,4954.175000,4839.745000,4940.247000,12921932500.000000,1.007000,1.017000,1.005000,1.016000,253817.000000,25650318.000000
2024-07-02,4940.700000,4951.197000,4886.702000,4905.650000,11882798600.000000,1.015000,1.020000,1.014000,1.018000,211664.000000,21532466.000000
2024-07-03,4900.667000,4906.510000,4857.775000,4867.133000,10230030100.000000,1.016000,1.018000,1.012000,1.015000,158990.000000,16123889.000000
2024-07-04,4868.546000,4883.737000,4745.909000,4761.868000,12120225700.000000,1.014000,1.018000,1.005000,1.008000,201993.000000,20390454.000000
2024-07-05,4753.734000,4828.843000,4711.868000,4810.794000,11060246700.000000,1.006000,1.007000,0.993000,1.003000,398388.000000,39774594.000000
2024-07-08,4801.489000,4801.489000,4679.285000,4693.965000,12354877500.000000,1.000000,1.002000,0.993000,0.996000,262015.000000,26116555.000000
2024-07-09,4689.275000,4810.322000,4645.197000,4797.063000,14851118700.000000,0.993000,1.010000,0.990000,1.009000,363056.000000,36280908.000000
2024-07-10,4783.170000,4829.208000,4768.125000,4777.682000,13840154300.000000,1.008000,1.010000,1.003000,1.005000,210773.000000,21211180.000000
2024-07-11,4846.105000,4896.146000,4821.414000,4893.594000,15319046900.000000,1.020000,1.020000,1.009000,1.017000,291984.000000,29618200.000000
2024-07-12,4884.413000,4897.169000,4858.303000,4878.020000,13085417900.000000,1.017000,1.018000,1.013000,1.017000,243296.000000,24711270.000000
2024-07-15,4869.004000,4869.004000,4815.407000,4827.602000,12641301700.000000,1.015000,1.017000,1.012000,1.015000,151632.000000,15385306.000000
2024-07-16,4815.739000,4845.349000,4786.214000,4836.718000,12089150200.000000,1.014000,1.019000,1.013000,1.019000,215749.000000,21929048.000000
2024-07-17,4834.441000,4842.721000,4786.348000,4795.624000,12042511600.000000,1.017000,1.018000,1.014000,1.016000,150951.000000,15331661.000000
2024-07-18,4763.304000,4822.619000,4714.601000,4812.426000,12172778100.000000,1.014000,1.018000,1.008000,1.017000,167754.000000,16983320.000000
2024-07-19,4788.771000,4854.707000,4778.714000,4821.423000,11264795500.000000,1.013000,1.020000,1.011000,1.019000,230463.000000,23432030.000000
2024-07-22,4822.639000,4848.307000,4798.117000,4826.871000,11073212100.000000,1.018000,1.018000,1.008000,1.013000,296544.000000,29983560.000000
2024-07-23,4825.745000,4825.745000,4694.953000,4694.953000,12049520100.000000,1.009000,1.011000,0.998000,0.999000,293847.000000,29536789.000000
2024-07-24,4682.062000,4713.074000,4625.422000,4631.011000,12109198000.000000,0.995000,0.999000,0.991000,0.995000,263081.000000,26180949.000000
2024-07-25,4602.633000,4678.659000,4587.707000,4632.567000,10853045800.000000,0.993000,0.993000,0.983000,0.989000,373397.000000,36869152.000000
2024-07-26,4638.312000,4710.569000,4638.312000,4702.080000,11069103300.000000,0.987000,0.992000,0.986000,0.990000,213956.000000,21142649.000000
2024-07-29,4707.279000,4707.279000,4670.800000,4685.646000,10931960500.000000,0.991000,0.991000,0.985000,0.988000,187635.000000,18560794.000000
2024-07-30,4674.924000,4716.214000,4637.410000,4702.491000,11231559400.000000,0.987000,0.987000,0.982000,0.984000,206574.000000,20331676.000000
2024-07-31,4698.734000,4889.772000,4690.000000,4889.081000,17376194200.000000,0.984000,1.005000,0.984000,1.005000,438027.000000,43685696.000000
2024-08-01,4894.809000,4933.061000,4850.633000,4878.289000,14642142100.000000,1.005000,1.008000,1.002000,1.003000,220063.000000,22110465.000000
2024-08-02,4844.778000,4902.941000,4802.022000,4809.889000,13798976700.000000,1.000000,1.002000,0.994000,0.996000,190638.000000,19021464.000000
2024-08-05,4776.182000,4854.590000,4678.739000,4678.775000,15284748500.000000,0.993000,0.998000,0.981000,0.983000,455846.000000,45044918.000000
2024-08-06,4731.196000,4766.273000,4695.637000,4749.947000,12709764100.000000,0.985000,0.989000,0.974000,0.981000,315167.000000,30888136.000000
2024-08-07,4741.651000,4772.206000,4715.529000,4743.410000,11261928400.000000,0.979000,0.985000,0.976000,0.981000,218510.000000,21447548.000000
2024-08-08,4728.330000,4776.488000,4677.425000,4739.493000,12674657200.000000,0.978000,0.985000,0.974000,0.981000,171362.000000,16787344.000000
2024-08-09,4760.127000,4789.169000,4702.745000,4702.745000,11566533800.000000,0.983000,0.986000,0.979000,0.980000,203095.000000,19963568.000000
2024-08-12,4696.364000,4707.216000,4657.330000,4674.102000,10766524500.000000,0.979000,0.981000,0.976000,0.978000,166470.000000,16285590.000000
2024-08-13,4671.200000,4698.342000,4642.669000,4697.586000,10020724800.000000,0.979000,0.981000,0.974000,0.980000,162807.000000,15915532.000000
2024-08-14,4698.003000,4698.148000,4649.278000,4649.278000,9991137300.000000,0.981000,0.981000,0.977000,0.977000,114620.000000,11212823.000000
2024-08-15,4639.084000,4743.728000,4620.555000,4691.850000,12990065000.000000,0.976000,0.988000,0.974000,0.984000,208507.000000,20493550.000000
2024-08-16,4696.718000,4703.027000,4654.460000,4655.651000,12261254100.000000,0.984000,0.988000,0.983000,0.985000,211454.000000,20838336.000000
2024-08-19,4651.297000,4714.059000,4644.601000,4663.612000,11994224400.000000,0.985000,0.994000,0.984000,0.989000,182676.000000,18093926.000000
2024-08-20,4663.776000,4665.634000,4563.855000,4579.304000,12997965500.000000,0.989000,0.991000,0.978000,0.981000,231298.000000,22692623.000000
2024-08-21,4564.378000,4590.200000,4543.881000,4548.264000,10816431500.000000,0.976000,0.980000,0.974000,0.980000,127519.000000,12467930.000000
2024-08-22,4549.300000,4562.977000,4484.559000,4491.839000,11346933000.000000,0.980000,0.980000,0.975000,0.977000,159200.000000,15552900.000000
2024-08-23,4482.654000,4510.598000,4462.760000,4495.344000,11025472000.000000,0.977000,0.980000,0.974000,0.979000,136691.000000,13342204.000000
2024-08-26,4492.706000,4531.173000,4476.243000,4512.893000,11227184300.000000,0.978000,0.979000,0.975000,0.979000,99619.000000,9732591.000000
2024-08-27,4500.735000,4501.084000,4449.215000,4459.680000,11393952000.000000,0.977000,0.978000,0.975000,0.977000,98993.000000,9665962.000000
2024-08-28,4449.711000,4506.313000,4437.518000,4470.550000,10790317700.000000,0.975000,0.977000,0.971000,0.974000,149418.000000,14549543.000000
2024-08-29,4453.431000,4558.947000,4443.903000,4542.464000,12978875300.000000,0.973000,0.973000,0.967000,0.971000,182141.000000,17661042.000000
2024-08-30,4539.929000,4691.015000,4534.044000,4629.320000,17783861600.000000,0.971000,0.983000,0.968000,0.978000,292885.000000,28613518.000000
2024-09-02,4627.182000,4635.765000,4529.834000,4532.515000,15592727400.000000,0.974000,0.975000,0.965000,0.966000,244773.000000,23735191.000000
2024-09-03,4529.941000,4598.632000,4529.941000,4572.397000,12895246200.000000,0.967000,0.967000,0.959000,0.963000,283188.000000,27246250.000000
2024-09-04,4542.905000,4594.439000,4529.338000,4550.770000,12287165700.000000,0.960000,0.961000,0.955000,0.957000,195578.000000,18725078.000000
2024-09-05,4554.518000,4614.752000,4554.518000,4586.781000,12120919400.000000,0.958000,0.960000,0.956000,0.960000,183028.000000,17527578.000000
2024-09-06,4588.928000,4595.697000,4506.387000,4508.228000,12721773300.000000,0.960000,0.962000,0.951000,0.952000,219970.000000,21022567.000000
2024-09-09,4490.990000,4523.366000,4459.126000,4475.532000,11328492700.000000,0.945000,0.948000,0.936000,0.939000,469992.000000,44205632.000000
2024-09-10,4481.488000,4507.154000,4400.776000,4487.576000,13235158500.000000,0.940000,0.942000,0.931000,0.939000,261732.000000,24508236.000000
2024-09-11,4469.015000,4500.683000,4453.200000,4486.007000,11395397200.000000,0.935000,0.936000,0.929000,0.933000,276237.000000,25763469.000000
2024-09-12,4490.524000,4542.285000,4468.744000,4468.744000,11873118700.000000,0.934000,0.936000,0.930000,0.932000,183870.000000,17157774.000000
2024-09-13,4471.984000,4478.218000,4413.187000,4413.187000,11682728700.000000,0.931000,0.934000,0.927000,0.928000,183429.000000,17068878.000000
2024-09-18,4413.903000,4425.792000,4342.209000,4399.133000,11355207800.000000,0.927000,0.932000,0.922000,0.930000,211730.000000,19615945.000000
2024-09-19,4418.784000,4527.613000,4385.486000,4482.275000,14574716000.000000,0.934000,0.941000,0.924000,0.938000,470912.000000,43952487.000000
2024-09-20,4484.175000,4487.076000,4428.165000,4463.356000,12748017700.000000,0.937000,0.938000,0.931000,0.936000,234012.000000,21869284.000000
2024-09-23,4462.717000,4513.970000,4445.990000,4469.133000,12494506600.000000,0.936000,0.946000,0.934000,0.942000,399681.000000,37619701.000000
2024-09-24,4489.492000,4642.558000,4466.336000,4642.558000,21578253100.000000,0.944000,0.990000,0.944000,0.989000,799440.000000,77045253.000000
2024-09-25,4688.389000,4799.857000,4681.853000,4686.258000,26424073100.000000,0.997000,1.013000,0.990000,0.993000,815013.000000,81698386.000000
2024-09-26,4675.944000,4874.132000,4672.866000,4874.132000,25397782900.000000,0.993000,1.036000,0.989000,1.035000,923327.000000,93165547.000000
2024-09-27,4950.938000,5164.542000,4944.840000,5136.441000,29068169400.000000,1.045000,1.128000,1.036000,1.108000,934008.000000,100609240.000000
2024-09-30,5375.571000,5732.568000,5307.549000,5708.826000,47143285200.000000,1.194000,1.219000,1.076000,1.176000,3961084.000000,449480959.000000
2024-10-08,6437.113000,6437.113000,5861.322000,6201.985000,55059079200.000000,1.288000,1.294000,1.138000,1.224000,4571130.000000,562570986.000000
2024-10-09,6052.671000,6105.029000,5706.045000,5727.380000,45809421200.000000,1.216000,1.216000,1.104000,1.107000,3022346.000000,343960825.000000
2024-10-10,5777.898000,5881.329000,5593.983000,5654.530000,34962801200.000000,1.096000,1.144000,1.095000,1.129000,2354370.000000,264154880.000000
2024-10-11,5610.948000,5616.806000,5349.321000,5416.758000,27999264600.000000,1.121000,1.121000,1.085000,1.098000,1577645.000000,174016106.000000
2024-10-14,5451.619000,5620.419000,5346.424000,5615.756000,28114440500.000000,1.098000,1.118000,1.089000,1.115000,1617554.000000,178985555.000000
2024-10-15,5585.688000,5704.560000,5505.810000,5507.176000,29751709500.000000,1.110000,1.115000,1.090000,1.090000,1100942.000000,121337443.000000
2024-10-16,5425.432000,5598.835000,5424.393000,5524.255000,24852031900.000000,1.078000,1.101000,1.073000,1.089000,1010432.000000,109970578.000000
2024-10-17,5563.465000,5624.794000,5504.485000,5505.615000,27639748600.000000,1.090000,1.102000,1.078000,1.080000,1049182.000000,114322191.000000
2024-10-18,5495.196000,5880.896000,5484.235000,5749.434000,35971903900.000000,1.080000,1.125000,1.072000,1.108000,1692396.000000,185230566.000000
2024-10-21,5797.003000,5954.436000,5767.790000,5860.571000,35506109500.000000,1.108000,1.115000,1.097000,1.104000,1108779.000000,122608067.000000
2024-10-22,5866.786000,5940.367000,5814.297000,5888.815000,34729862800.000000,1.104000,1.113000,1.099000,1.111000,794133.000000,88018183.000000
2024-10-23,5871.318000,5991.589000,5856.368000,5903.578000,33375377200.000000,1.111000,1.124000,1.106000,1.115000,754939.000000,84302643.000000
2024-10-24,5871.286000,5887.450000,5817.932000,5861.632000,26414947600.000000,1.113000,1.113000,1.105000,1.110000,367892.000000,40792844.000000
2024-10-25,5876.437000,6014.110000,5876.214000,5974.909000,30682066500.000000,1.109000,1.121000,1.108000,1.115000,605219.000000,67424345.000000
2024-10-28,5988.723000,6082.088000,5965.001000,6082.088000,32672293800.000000,1.115000,1.124000,1.108000,1.123000,563288.000000,62872828.000000
2024-10-29,6106.194000,6113.638000,5982.526000,5983.836000,36932529900.000000,1.123000,1.127000,1.111000,1.114000,544757.000000,60944408.000000
2024-10-30,5960.792000,6043.587000,5945.675000,6019.347000,32438018600.000000,1.110000,1.113000,1.098000,1.105000,482128.000000,53273743.000000
2024-10-31,6041.013000,6161.555000,6004.713000,6116.663000,38611948500.000000,1.103000,1.113000,1.098000,1.107000,537682.000000,59420350.000000
2024-11-01,6100.790000,6125.408000,5912.532000,5930.232000,40933827600.000000,1.106000,1.117000,1.102000,1.107000,616707.000000,68491371.000000
2024-11-04,5912.314000,6053.112000,5912.314000,6053.112000,29563714700.000000,1.106000,1.120000,1.104000,1.120000,490020.000000,54526166.000000
2024-11-05,6057.208000,6279.915000,6051.457000,6266.542000,39014253100.000000,1.120000,1.144000,1.116000,1.143000,805862.000000,91359745.000000
2024-11-06,6287.293000,6368.869000,6247.152000,6293.193000,42425010100.000000,1.143000,1.155000,1.136000,1.142000,732349.000000,83839892.000000
2024-11-07,6238.617000,6403.918000,6229.490000,6403.918000,40857165200.000000,1.132000,1.177000,1.130000,1.176000,850869.000000,98176352.000000
2024-11-08,6470.074000,6526.650000,6400.094000,6423.122000,45179630800.000000,1.178000,1.184000,1.160000,1.163000,678316.000000,79440558.000000
2024-11-11,6416.168000,6580.568000,6412.576000,6579.005000,40243625500.000000,1.161000,1.166000,1.149000,1.164000,534785.000000,61874764.000000
2024-11-12,6593.822000,6616.157000,6429.350000,6491.972000,40071524400.000000,1.164000,1.172000,1.145000,1.151000,655450.000000,75916839.000000
2024-11-13,6453.864000,6512.597000,6357.556000,6474.394000,31748592800.000000,1.149000,1.155000,1.143000,1.152000,368019.000000,42303767.000000
2024-11-14,6462.010000,6472.954000,6263.314000,6272.191000,29479471800.000000,1.152000,1.154000,1.135000,1.137000,410657.000000,47005478.000000
2024-11-15,6246.336000,6331.872000,6124.661000,6125.513000,29519163400.000000,1.135000,1.140000,1.124000,1.126000,537638.000000,60916080.000000
2024-11-18,6154.507000,6180.880000,5937.085000,5974.558000,32267260800.000000,1.125000,1.143000,1.121000,1.125000,662206.000000,74870042.000000
2024-11-19,5977.844000,6130.496000,5945.456000,6130.285000,27316752600.000000,1.125000,1.131000,1.111000,1.131000,512256.000000,57521293.000000
2024-11-20,6116.960000,6262.083000,6105.222000,6250.803000,29997582100.000000,1.129000,1.138000,1.124000,1.136000,472325.000000,53442978.000000
2024-11-21,6241.009000,6292.860000,6199.706000,6262.164000,29965511100.000000,1.135000,1.136000,1.128000,1.135000,294863.000000,33400497.000000
2024-11-22,6240.086000,6280.603000,6030.375000,6030.488000,34212911700.000000,1.132000,1.136000,1.102000,1.104000,543587.000000,60870709.000000
2024-11-25,6047.938000,6076.191000,5937.905000,6052.129000,27764677600.000000,1.103000,1.108000,1.092000,1.102000,403467.000000,44421662.000000
2024-11-26,6036.638000,6093.371000,5979.392000,5981.570000,24440411200.000000,1.098000,1.107000,1.096000,1.101000,295275.000000,32535768.000000
2024-11-27,5942.533000,6119.011000,5856.997000,6118.664000,29094626700.000000,1.098000,1.116000,1.090000,1.115000,500236.000000,55172477.000000
2024-11-28,6121.678000,6170.134000,6077.601000,6086.085000,30123556000.000000,1.115000,1.119000,1.110000,1.112000,331152.000000,36933860.000000
2024-11-29,6066.714000,6246.198000,6039.832000,6189.128000,32476269100.000000,1.112000,1.132000,1.110000,1.124000,512059.000000,57448634.000000
2024-12-02,6188.802000,6325.860000,6188.802000,6313.608000,35402806600.000000,1.124000,1.135000,1.115000,1.133000,423874.000000,47860746.000000
2024-12-03,6318.966000,6342.357000,6239.440000,6303.276000,32665236300.000000,1.133000,1.140000,1.127000,1.139000,406689.000000,46099117.000000
2024-12-04,6301.048000,6303.505000,6175.839000,6204.945000,29920209800.000000,1.136000,1.140000,1.129000,1.133000,289206.000000,32808176.000000
2024-12-05,6186.123000,6302.355000,6186.123000,6285.601000,28853561700.000000,1.131000,1.137000,1.128000,1.134000,276888.000000,31383854.000000
2024-12-06,6291.302000,6384.657000,6229.212000,6349.621000,34903096300.000000,1.132000,1.150000,1.132000,1.146000,474927.000000,54310618.000000
2024-12-09,6346.595000,6371.098000,6257.542000,6303.272000,29377328700.000000,1.146000,1.156000,1.139000,1.150000,378158.000000,43431773.000000
2024-12-10,6493.537000,6497.889000,6352.762000,6362.020000,37420920600.000000,1.181000,1.189000,1.154000,1.157000,527537.000000,61607782.000000
2024-12-11,6343.781000,6454.971000,6343.781000,6447.374000,33135195600.000000,1.151000,1.160000,1.151000,1.158000,261988.000000,30303302.000000
2024-12-12,6454.942000,6493.710000,6390.589000,6490.146000,34232605300.000000,1.158000,1.170000,1.154000,1.169000,335983.000000,39086490.000000
2024-12-13,6447.203000,6460.939000,6351.301000,6354.988000,36198551300.000000,1.167000,1.167000,1.146000,1.148000,423731.000000,48877763.000000
2024-12-16,6355.628000,6367.809000,6248.158000,6277.516000,31021517300.000000,1.143000,1.149000,1.140000,1.144000,280353.000000,32078564.000000
2024-12-17,6262.493000,6269.140000,6133.129000,6143.944000,27479395900.000000,1.141000,1.148000,1.136000,1.136000,350423.000000,39950604.000000
2024-12-18,6156.692000,6242.517000,6121.054000,6195.868000,24802412200.000000,1.137000,1.147000,1.137000,1.143000,281190.000000,32130726.000000
2024-12-19,6127.220000,6223.805000,6108.394000,6207.186000,25148792400.000000,1.138000,1.142000,1.130000,1.141000,285857.000000,32498019.000000
2024-12-20,6195.644000,6320.963000,6191.081000,6271.753000,24365908500.000000,1.140000,1.146000,1.136000,1.141000,215940.000000,24644456.000000
2024-12-23,6271.763000,6276.971000,6086.912000,6096.381000,25847497500.000000,1.140000,1.145000,1.135000,1.137000,359895.000000,41054652.000000
2024-12-24,6110.767000,6165.202000,6066.226000,6164.361000,21601091800.000000,1.135000,1.150000,1.135000,1.149000,368941.000000,42194001.000000
2024-12-25,6158.649000,6159.596000,6037.736000,6094.687000,21902703200.000000,1.150000,1.154000,1.144000,1.151000,233591.000000,26847758.000000
2024-12-26,6083.887000,6185.807000,6083.887000,6160.452000,20691673900.000000,1.149000,1.154000,1.147000,1.154000,231691.000000,26686129.000000
2024-12-27,6164.670000,6250.201000,6135.479000,6171.565000,23784155400.000000,1.154000,1.160000,1.150000,1.157000,338313.000000,39084789.000000
2024-12-30,6164.908000,6192.585000,6097.103000,6145.928000,20771244800.000000,1.153000,1.159000,1.153000,1.158000,277819.000000,32111248.000000
2024-12-31,6151.034000,6160.733000,5957.717000,5957.717000,23799003200.000000,1.157000,1.158000,1.136000,1.136000,437720.000000,50177239.000000
2025-01-02,5948.680000,5982.554000,5743.179000,5797.089000,24412560600.000000,1.136000,1.136000,1.100000,1.108000,670116.000000,74837561.000000
2025-01-03,5808.542000,5826.083000,5609.766000,5625.209000,23709321100.000000,1.107000,1.110000,1.090000,1.092000,662805.000000,72852267.000000
2025-01-06,5614.028000,5688.922000,5561.898000,5608.034000,20304767600.000000,1.090000,1.093000,1.082000,1.090000,452750.000000,49224650.000000
2025-01-07,5610.946000,5694.005000,5580.885000,5692.041000,19391245000.000000,1.089000,1.097000,1.084000,1.096000,356843.000000,38892986.000000
2025-01-08,5664.312000,5706.659000,5501.492000,5661.779000,22580083000.000000,1.095000,1.101000,1.079000,1.096000,432130.000000,47095831.000000
2025-01-09,5629.895000,5714.461000,5629.824000,5672.780000,19332042100.000000,1.091000,1.095000,1.088000,1.091000,324829.000000,35460602.000000
2025-01-10,5662.767000,5718.212000,5544.916000,5544.916000,19801487700.000000,1.088000,1.091000,1.078000,1.078000,417051.000000,45193544.000000
2025-01-13,5487.125000,5599.327000,5457.510000,5559.473000,16930919000.000000,1.072000,1.077000,1.067000,1.071000,432218.000000,46293005.000000
2025-01-14,5580.878000,5814.707000,5562.180000,5811.055000,23577286900.000000,1.071000,1.100000,1.071000,1.100000,802129.000000,87141478.000000
2025-01-15,5805.898000,5815.148000,5755.625000,5775.571000,20429032500.000000,1.097000,1.100000,1.092000,1.095000,339620.000000,37213524.000000
2025-01-16,5810.051000,5906.466000,5753.764000,5801.305000,21637323900.000000,1.096000,1.107000,1.092000,1.097000,393561.000000,43287072.000000
2025-01-17,5780.606000,5885.417000,5755.907000,5841.572000,19681796700.000000,1.096000,1.104000,1.092000,1.100000,340332.000000,37416804.000000
2025-01-20,5877.972000,5925.072000,5856.833000,5879.150000,19843078300.000000,1.104000,1.110000,1.102000,1.105000,304748.000000,33717941.000000
2025-01-21,5911.405000,5917.129000,5834.964000,5908.023000,19912783400.000000,1.106000,1.110000,1.098000,1.104000,269825.000000,29738695.000000
2025-01-22,5879.843000,5886.742000,5824.035000,5855.739000,18029676000.000000,1.103000,1.103000,1.091000,1.095000,404712.000000,44311336.000000
2025-01-23,5911.219000,5991.845000,5829.033000,5829.033000,22285575300.000000,1.100000,1.114000,1.099000,1.103000,550318.000000,60878011.000000
2025-01-24,5815.458000,5943.112000,5815.458000,5938.130000,20809044500.000000,1.102000,1.109000,1.097000,1.108000,432569.000000,47768428.000000
2025-01-27,5946.729000,5964.150000,5846.069000,5846.069000,18864620000.000000,1.109000,1.115000,1.108000,1.111000,365042.000000,40596590.000000
2025-02-05,5900.513000,5928.880000,5851.595000,5881.437000,21200531000.000000,1.111000,1.113000,1.097000,1.104000,435001.000000,47964993.000000
2025-02-06,5869.705000,6042.019000,5853.746000,6041.834000,25599851100.000000,1.101000,1.112000,1.098000,1.111000,424952.000000,46992075.000000
2025-02-07,6046.365000,6198.748000,6042.261000,6134.055000,32395283500.000000,1.109000,1.129000,1.108000,1.123000,564265.000000,63174842.000000
2025-02-10,6155.051000,6218.066000,6126.082000,6210.547000,29782593200.000000,1.123000,1.128000,1.120000,1.127000,316187.000000,35569654.000000
2025-02-11,6209.521000,6220.964000,6135.866000,6190.174000,28827157600.000000,1.128000,1.128000,1.121000,1.125000,279413.000000,31401288.000000
2025-02-12,6172.394000,6284.918000,6171.061000,6284.611000,28134276500.000000,1.124000,1.136000,1.122000,1.135000,401695.000000,45324440.000000
2025-02-13,6290.790000,6290.790000,6202.593000,6212.497000,31298493500.000000,1.135000,1.138000,1.129000,1.131000,293777.000000,33302070.000000
2025-02-14,6203.477000,6257.306000,6182.264000,6248.835000,29800584900.000000,1.130000,1.135000,1.126000,1.135000,254855.000000,28831547.000000
2025-02-17,6285.040000,6308.484000,6231.868000,6281.566000,32373433700.000000,1.135000,1.137000,1.129000,1.137000,266278.000000,30201597.000000
2025-02-18,6264.282000,6282.404000,6112.585000,6142.138000,30015933000.000000,1.137000,1.140000,1.124000,1.129000,366466.000000,41554173.000000
2025-02-19,6134.991000,6290.013000,6133.942000,6288.529000,27292011400.000000,1.126000,1.136000,1.125000,1.134000,300768.000000,34049013.000000
2025-02-20,6289.133000,6349.474000,6274.031000,6334.414000,28811019800.000000,1.133000,1.136000,1.130000,1.134000,235551.000000,26692755.000000
2025-02-21,6347.670000,6456.919000,6317.085000,6449.228000,32726377100.000000,1.135000,1.143000,1.131000,1.143000,403170.000000,45953361.000000
2025-02-24,6454.558000,6504.400000,6411.766000,6464.024000,31846116100.000000,1.141000,1.144000,1.135000,1.141000,281914.000000,32143990.000000
2025-02-25,6369.276000,6503.007000,6359.836000,6435.428000,29536637200.000000,1.135000,1.139000,1.129000,1.132000,217630.000000,24667089.000000
2025-02-26,6451.402000,6527.846000,6423.603000,6524.406000,30317641300.000000,1.131000,1.143000,1.131000,1.143000,309702.000000,35237081.000000
2025-02-27,6526.811000,6550.100000,6395.908000,6499.530000,31196410100.000000,1.142000,1.145000,1.134000,1.144000,186469.000000,21233124.000000
2025-02-28,6460.904000,6468.796000,6252.014000,6270.419000,29555967500.000000,1.142000,1.142000,1.122000,1.124000,458652.000000,51880018.000000
2025-03-03,6291.050000,6382.048000,6240.568000,6273.670000,26694541200.000000,1.124000,1.130000,1.118000,1.122000,322470.000000,36268719.000000
2025-03-04,6218.831000,6364.121000,6217.810000,6357.628000,22954848600.000000,1.120000,1.124000,1.115000,1.123000,247227.000000,27701976.000000
2025-03-05,6365.432000,6401.831000,6318.287000,6398.237000,23896184700.000000,1.122000,1.129000,1.119000,1.129000,279703.000000,31464868.000000
2025-03-06,6438.159000,6548.855000,6435.543000,6534.971000,30055477000.000000,1.130000,1.143000,1.130000,1.141000,432296.000000,49174739.000000
2025-03-07,6512.732000,6577.951000,6465.264000,6507.765000,30888880700.000000,1.140000,1.145000,1.136000,1.140000,262626.000000,29946259.000000
2025-03-10,6519.028000,6541.593000,6466.903000,6520.973000,25652211300.000000,1.139000,1.140000,1.131000,1.138000,175176.000000,19880908.000000
2025-03-11,6438.245000,6551.734000,6432.758000,6551.734000,25245521600.000000,1.131000,1.142000,1.128000,1.141000,194697.000000,22090746.000000
2025-03-12,6585.595000,6632.388000,6564.716000,6566.968000,28170557600.000000,1.141000,1.145000,1.137000,1.140000,145894.000000,16640723.000000
2025-03-13,6558.419000,6570.887000,6405.732000,6466.851000,26682567700.000000,1.137000,1.140000,1.130000,1.135000,219979.000000,24942537.000000
2025-03-14,6463.925000,6575.819000,6428.225000,6571.171000,27632999400.000000,1.134000,1.155000,1.133000,1.154000,483574.000000,55470234.000000
2025-03-17,6585.821000,6609.889000,6557.634000,6589.566000,25208084100.000000,1.156000,1.162000,1.155000,1.159000,274507.000000,31796007.000000
2025-03-18,6605.043000,6642.857000,6581.965000,6611.926000,23472656300.000000,1.160000,1.163000,1.157000,1.160000,163650.000000,18977260.000000
2025-03-19,6590.555000,6598.508000,6536.716000,6564.677000,21966299900.000000,1.159000,1.164000,1.156000,1.161000,195160.000000,22623897.000000
2025-03-20,6551.820000,6596.271000,6528.858000,6535.062000,23190747700.000000,1.160000,1.161000,1.153000,1.155000,183992.000000,21262975.000000
2025-03-21,6507.950000,6531.760000,6389.615000,6405.611000,25620533500.000000,1.153000,1.156000,1.138000,1.141000,365292.000000,41844804.000000
2025-03-24,6403.565000,6412.518000,6244.868000,6360.341000,25768458300.000000,1.141000,1.142000,1.132000,1.142000,269139.000000,30626590.000000
2025-03-25,6355.814000,6382.188000,6289.124000,6310.764000,23166378100.000000,1.142000,1.145000,1.138000,1.142000,174716.000000,19952711.000000
2025-03-26,6297.329000,6371.101000,6297.329000,6334.908000,20667951300.000000,1.141000,1.147000,1.139000,1.143000,176577.000000,20196690.000000
2025-03-27,6315.097000,6394.210000,6254.887000,6328.767000,19889470400.000000,1.142000,1.151000,1.136000,1.142000,155060.000000,17735623.000000
2025-03-28,6326.813000,6356.804000,6261.686000,6268.321000,19655352800.000000,1.142000,1.143000,1.134000,1.137000,219651.000000,24986799.000000
2025-03-31,6229.556000,6259.364000,6143.650000,6226.649000,20738202700.000000,1.134000,1.139000,1.127000,1.133000,298446.000000,33775053.000000
2025-04-01,6242.071000,6300.666000,6240.204000,6259.484000,18233221700.000000,1.133000,1.138000,1.130000,1.135000,227588.000000,25821765.000000
2025-04-02,6252.630000,6316.636000,6251.852000,6277.253000,15926642500.000000,1.135000,1.140000,1.132000,1.136000,229463.000000,26078829.000000
2025-04-03,6208.288000,6299.165000,6168.535000,6203.257000,18369963000.000000,1.130000,1.138000,1.128000,1.134000,250972.000000,28426532.000000
2025-04-07,5811.544000,5905.573000,5437.453000,5496.443000,27721482900.000000,1.110000,1.110000,1.034000,1.067000,1359301.000000,144799293.000000
2025-04-08,5475.560000,5632.641000,5426.034000,5530.019000,30970151600.000000,1.066000,1.070000,1.047000,1.063000,709550.000000,75091364.000000
2025-04-09,5439.177000,5688.485000,5224.973000,5652.330000,30572403900.000000,1.052000,1.076000,1.041000,1.073000,730509.000000,77483365.000000
2025-04-10,5766.505000,5883.459000,5766.406000,5784.585000,27416184900.000000,1.081000,1.095000,1.079000,1.087000,622468.000000,67694890.000000
2025-04-11,5744.795000,5923.136000,5743.078000,5862.188000,22213916200.000000,1.085000,1.095000,1.081000,1.091000,424958.000000,46252451.000000
2025-04-14,5933.992000,5979.902000,5914.254000,5938.526000,21658114100.000000,1.093000,1.102000,1.092000,1.099000,393102.000000,43146794.000000
2025-04-15,5938.573000,5949.861000,5872.287000,5914.029000,18304784800.000000,1.099000,1.103000,1.094000,1.102000,304543.000000,33433487.000000
2025-04-16,5897.200000,5903.119000,5758.666000,5835.348000,19042390100.000000,1.098000,1.106000,1.091000,1.104000,318924.000000,35008397.000000
2025-04-17,5802.293000,5898.179000,5801.120000,5839.564000,17319670800.000000,1.102000,1.110000,1.098000,1.107000,248255.000000,27451740.000000
2025-04-18,5833.108000,5855.692000,5793.787000,5831.687000,16444460300.000000,1.106000,1.110000,1.104000,1.108000,186138.000000,20606491.000000
2025-04-21,5826.622000,5952.718000,5802.835000,5952.637000,19271150000.000000,1.107000,1.115000,1.103000,1.111000,195643.000000,21744541.000000
2025-04-22,5947.149000,5974.317000,5923.589000,5949.312000,20645707400.000000,1.111000,1.119000,1.110000,1.116000,215851.000000,24080430.000000
2025-04-23,5971.473000,6013.275000,5954.027000,5984.583000,21819615600.000000,1.116000,1.123000,1.114000,1.117000,186037.000000,20791897.000000
2025-04-24,5979.406000,5984.367000,5897.650000,5920.478000,19979656400.000000,1.116000,1.124000,1.114000,1.119000,278105.000000,31104451.000000
2025-04-25,5927.316000,5982.715000,5901.077000,5939.502000,19808766000.000000,1.119000,1.121000,1.115000,1.117000,181352.000000,20284109.000000
2025-04-28,5933.419000,5939.958000,5868.872000,5877.057000,19495089100.000000,1.117000,1.118000,1.112000,1.114000,161233.000000,17975016.000000
2025-04-29,5850.827000,5921.556000,5836.031000,5903.381000,18602339400.000000,1.112000,1.119000,1.111000,1.115000,156584.000000,17460529.000000
2025-04-30,5907.188000,5972.655000,5907.188000,5950.117000,19545899800.000000,1.115000,1.118000,1.112000,1.113000,200737.000000,22356623.000000
2025-05-06,5993.334000,6102.922000,5993.334000,6102.922000,22020962300.000000,1.115000,1.126000,1.114000,1.125000,350299.000000,39229624.000000
2025-05-07,6171.607000,6195.139000,6063.644000,6111.495000,23392295100.000000,1.132000,1.140000,1.128000,1.133000,299219.000000,33851015.000000
2025-05-08,6093.560000,6167.146000,6087.372000,6158.077000,20391582600.000000,1.131000,1.140000,1.127000,1.138000,271976.000000,30892367.000000
2025-05-09,6153.529000,6153.529000,6054.935000,6082.082000,18922128700.000000,1.137000,1.137000,1.133000,1.136000,116212.000000,13191928.000000
2025-05-12,6122.669000,6167.461000,6110.022000,6167.461000,19684721000.000000,1.136000,1.146000,1.136000,1.146000,219735.000000,25093224.000000
2025-05-13,6219.454000,6220.445000,6141.680000,6151.010000,20327421700.000000,1.154000,1.155000,1.145000,1.146000,222042.000000,25484345.000000
2025-05-14,6144.246000,6199.299000,6111.112000,6160.370000,21155908300.000000,1.144000,1.160000,1.143000,1.156000,359153.000000,41363638.000000
2025-05-15,6146.002000,6146.002000,6055.839000,6057.036000,19052381400.000000,1.155000,1.157000,1.150000,1.152000,267361.000000,30849523.000000
2025-05-16,6042.220000,6098.878000,6042.220000,6068.117000,17639475900.000000,1.151000,1.152000,1.143000,1.147000,208454.000000,23905661.000000
2025-05-19,6073.203000,6100.802000,6009.951000,6095.337000,18471299000.000000,1.146000,1.149000,1.143000,1.148000,144910.000000,16606743.000000
2025-05-20,6097.364000,6154.954000,6078.218000,6146.017000,19295729400.000000,1.146000,1.153000,1.145000,1.152000,198447.000000,22814442.000000
2025-05-21,6137.096000,6141.726000,6109.925000,6132.181000,19655084200.000000,1.151000,1.156000,1.149000,1.154000,207246.000000,23907785.000000
2025-05-22,6113.207000,6146.201000,6062.593000,6066.103000,18639573700.000000,1.153000,1.155000,1.149000,1.151000,140682.000000,16208570.000000
2025-05-23,6060.518000,6099.227000,5989.675000,5989.675000,18492377400.000000,1.150000,1.154000,1.142000,1.143000,274682.000000,31539790.000000
2025-05-26,5991.859000,6038.806000,5981.842000,6028.786000,15598879400.000000,1.141000,1.146000,1.136000,1.142000,190951.000000,21777446.000000
2025-05-27,6019.543000,6023.144000,5971.347000,6008.460000,15794575800.000000,1.141000,1.142000,1.135000,1.140000,133518.000000,15207375.000000
2025-05-28,6006.889000,6023.825000,5972.184000,5984.456000,15910549400.000000,1.138000,1.143000,1.137000,1.141000,136807.000000,15600243.000000
2025-05-29,5980.857000,6091.962000,5980.857000,6089.578000,18937646600.000000,1.140000,1.149000,1.139000,1.147000,231084.000000,26446787.000000
2025-05-30,6075.450000,6075.450000,6016.891000,6026.560000,18691867100.000000,1.145000,1.147000,1.139000,1.144000,227898.000000,26065091.000000
2025-06-03,6009.184000,6086.616000,6008.545000,6070.037000,19176467200.000000,1.138000,1.148000,1.138000,1.147000,176541.000000,20201121.000000
2025-06-04,6067.827000,6124.703000,6067.827000,6123.172000,18695585000.000000,1.146000,1.153000,1.145000,1.151000,150281.000000,17288741.000000
2025-06-05,6125.890000,6174.850000,6101.846000,6167.015000,20607791900.000000,1.152000,1.154000,1.150000,1.154000,195836.000000,22565263.000000
2025-06-06,6164.410000,6169.568000,6137.565000,6152.845000,17833958200.000000,1.154000,1.157000,1.152000,1.156000,147319.000000,17000210.000000
2025-06-09,6161.138000,6226.383000,6158.903000,6218.964000,19328363200.000000,1.154000,1.159000,1.154000,1.158000,158447.000000,18322921.000000
2025-06-10,6220.042000,6220.042000,6098.089000,6161.692000,22006048500.000000,1.158000,1.161000,1.147000,1.154000,209231.000000,24199773.000000
2025-06-11,6162.157000,6221.202000,6162.157000,6186.512000,19764358000.000000,1.154000,1.164000,1.154000,1.161000,177412.000000,20594719.000000
2025-06-12,6171.557000,6202.727000,6151.036000,6192.220000,19701874900.000000,1.161000,1.164000,1.156000,1.163000,159014.000000,18458009.000000
2025-06-13,6174.432000,6183.714000,6088.571000,6106.008000,23688954700.000000,1.162000,1.162000,1.154000,1.156000,220154.000000,25460375.000000
2025-06-16,6089.963000,6151.513000,6089.963000,6147.460000,19731093300.000000,1.154000,1.158000,1.151000,1.157000,133074.000000,15370229.000000
2025-06-17,6153.147000,6171.165000,6120.570000,6141.468000,20842728000.000000,1.157000,1.162000,1.155000,1.160000,161754.000000,18744877.000000
2025-06-18,6126.180000,6143.209000,6086.694000,6135.386000,20410575500.000000,1.158000,1.161000,1.153000,1.160000,150827.000000,17457526.000000
2025-06-19,6127.938000,6146.642000,6028.717000,6048.224000,21221733600.000000,1.159000,1.159000,1.149000,1.152000,210751.000000,24300888.000000
2025-06-20,6039.991000,6061.841000,5997.590000,5999.591000,18085734200.000000,1.150000,1.156000,1.150000,1.154000,85051.000000,9814518.000000
2025-06-23,5966.495000,6083.527000,5965.663000,6078.222000,19355849000.000000,1.153000,1.165000,1.148000,1.163000,235087.000000,27207321.000000
2025-06-24,6082.744000,6194.666000,6082.744000,6194.666000,23345340300.000000,1.162000,1.175000,1.160000,1.174000,264968.000000,31013564.000000
2025-06-25,6196.153000,6282.112000,6194.148000,6276.163000,24755632500.000000,1.175000,1.189000,1.172000,1.187000,217766.000000,25670669.000000
2025-06-26,6272.443000,6310.536000,6244.781000,6247.791000,25424649500.000000,1.188000,1.190000,1.184000,1.187000,188465.000000,22367106.000000
2025-06-27,6265.923000,6319.161000,6257.587000,6276.937000,24856335200.000000,1.186000,1.193000,1.178000,1.180000,273121.000000,32376937.000000
2025-06-30,6297.077000,6358.026000,6292.514000,6356.181000,23732297300.000000,1.179000,1.188000,1.176000,1.186000,236161.000000,27926045.000000
2025-07-01,6358.060000,6373.768000,6308.061000,6373.768000,24353733000.000000,1.183000,1.188000,1.182000,1.188000,233727.000000,27714982.000000
2025-07-02,6358.873000,6358.873000,6285.000000,6309.484000,23858090300.000000,1.187000,1.191000,1.185000,1.190000,145110.000000,17239116.000000
2025-07-03,6306.745000,6349.145000,6295.225000,6342.638000,21398076500.000000,1.189000,1.192000,1.186000,1.192000,108343.000000,12886880.000000
2025-07-04,6338.557000,6375.067000,6292.136000,6312.197000,23813321000.000000,1.191000,1.204000,1.188000,1.195000,205370.000000,24550878.000000
2025-07-07,6305.045000,6333.512000,6303.862000,6327.139000,21047736100.000000,1.195000,1.198000,1.192000,1.196000,152992.000000,18269721.000000
2025-07-08,6321.553000,6408.114000,6318.523000,6407.698000,23512558300.000000,1.196000,1.206000,1.195000,1.205000,154923.000000,18618122.000000
2025-07-09,6412.144000,6431.091000,6375.082000,6390.466000,23617558900.000000,1.205000,1.210000,1.203000,1.206000,234914.000000,28364612.000000
2025-07-10,6385.213000,6427.739000,6367.660000,6406.568000,24018338000.000000,1.206000,1.218000,1.203000,1.213000,136227.000000,16489228.000000
2025-07-11,6411.314000,6487.440000,6388.402000,6461.100000,28256128300.000000,1.213000,1.227000,1.211000,1.222000,231300.000000,28187242.000000
2025-07-14,6465.506000,6474.934000,6443.555000,6462.305000,24205780100.000000,1.214000,1.221000,1.214000,1.219000,174219.000000,21208065.000000
2025-07-15,6451.997000,6472.527000,6381.557000,6442.834000,26986941100.000000,1.219000,1.220000,1.204000,1.211000,287595.000000,34828046.000000
2025-07-16,6440.517000,6487.830000,6433.507000,6462.063000,22023002400.000000,1.212000,1.214000,1.206000,1.211000,150285.000000,18182200.000000
2025-07-17,6458.414000,6535.671000,6451.153000,6535.671000,22783164600.000000,1.210000,1.216000,1.210000,1.215000,160037.000000,19412430.000000
2025-07-18,6546.362000,6563.817000,6521.500000,6552.074000,23446171300.000000,1.216000,1.222000,1.216000,1.222000,220819.000000,26923850.000000
2025-07-21,6557.251000,6614.606000,6555.043000,6612.259000,27659155200.000000,1.222000,1.238000,1.222000,1.235000,334602.000000,41162249.000000
2025-07-22,6607.826000,6642.235000,6597.048000,6637.104000,30165999400.000000,1.235000,1.247000,1.228000,1.246000,334618.000000,41347753.000000
2025-07-23,6634.123000,6667.858000,6594.483000,6607.220000,29410927500.000000,1.245000,1.252000,1.241000,1.244000,231521.000000,28846484.000000
2025-07-24,6602.169000,6701.120000,6602.169000,6701.120000,28541821900.000000,1.243000,1.250000,1.239000,1.250000,191418.000000,23836786.000000
2025-07-25,6708.080000,6716.703000,6674.541000,6706.610000,26400479800.000000,1.249000,1.250000,1.241000,1.247000,181277.000000,22590747.000000
2025-07-28,6713.818000,6736.079000,6679.211000,6729.979000,25274290400.000000,1.247000,1.250000,1.240000,1.247000,154767.000000,19272893.000000
2025-07-29,6724.315000,6773.884000,6684.158000,6773.884000,25926123600.000000,1.246000,1.249000,1.241000,1.249000,149245.000000,18582448.000000
2025-07-30,6758.327000,6770.883000,6662.906000,6718.482000,26817955900.000000,1.249000,1.259000,1.244000,1.258000,307369.000000,38488411.000000
2025-07-31,6701.156000,6750.078000,6639.123000,6661.186000,27013867700.000000,1.252000,1.252000,1.234000,1.238000,621154.000000,77070182.000000
2025-08-01,6665.642000,6702.679000,6625.928000,6670.472000,23248467000.000000,1.234000,1.240000,1.231000,1.236000,258531.000000,31941231.000000
2025-08-04,6637.839000,6739.725000,6631.124000,6739.694000,21349152500.000000,1.233000,1.241000,1.229000,1.241000,243713.000000,30114249.000000
2025-08-05,6753.527000,6787.481000,6744.072000,6787.481000,22372467700.000000,1.241000,1.254000,1.241000,1.253000,276145.000000,34454275.000000
2025-08-06,6784.175000,6865.017000,6774.033000,6861.309000,25813388800.000000,1.253000,1.260000,1.251000,1.260000,231724.000000,29104316.000000
2025-08-07,6864.446000,6876.497000,6813.774000,6862.150000,26138960000.000000,1.260000,1.264000,1.255000,1.262000,232794.000000,29344198.000000
2025-08-08,6844.439000,6865.838000,6816.094000,6838.130000,25146567100.000000,1.261000,1.265000,1.257000,1.263000,196821.000000,24843839.000000
2025-08-11,6850.572000,6957.404000,6850.572000,6943.937000,26097024100.000000,1.264000,1.272000,1.261000,1.271000,211516.000000,26816475.000000
2025-08-12,6943.666000,6963.804000,6894.846000,6963.611000,26048986900.000000,1.271000,1.280000,1.270000,1.278000,291562.000000,37228712.000000
2025-08-13,6966.273000,7070.504000,6966.273000,7064.334000,29465387400.000000,1.278000,1.288000,1.278000,1.286000,301778.000000,38723961.000000
2025-08-14,7072.903000,7077.809000,6957.397000,6976.488000,31727293600.000000,1.286000,1.294000,1.278000,1.280000,362039.000000,46572772.000000
2025-08-15,6956.508000,7117.510000,6956.508000,7117.501000,30400522600.000000,1.273000,1.297000,1.273000,1.296000,306888.000000,39505538.000000
2025-08-18,7158.531000,7267.981000,7143.066000,7237.602000,37983126300.000000,1.296000,1.308000,1.291000,1.301000,419297.000000,54440022.000000
2025-08-19,7231.930000,7289.032000,7193.595000,7242.849000,34087904500.000000,1.300000,1.305000,1.296000,1.299000,292984.000000,38097866.000000
2025-08-20,7212.970000,7305.461000,7166.991000,7305.461000,32475150300.000000,1.298000,1.319000,1.287000,1.318000,280116.000000,36445212.000000
2025-08-21,7318.757000,7343.174000,7215.338000,7253.343000,32682289100.000000,1.315000,1.322000,1.312000,1.317000,403648.000000,53132511.000000
2025-08-22,7250.191000,7362.940000,7250.191000,7362.940000,32680749200.000000,1.317000,1.335000,1.315000,1.335000,565128.000000,74728540.000000
2025-08-25,7418.346000,7504.009000,7405.939000,7477.728000,40845765500.000000,1.335000,1.359000,1.334000,1.357000,763204.000000,102282244.000000
2025-08-26,7457.770000,7526.166000,7435.301000,7476.467000,36368466100.000000,1.357000,1.357000,1.339000,1.347000,687280.000000,92643612.000000
2025-08-27,7488.928000,7565.353000,7336.504000,7336.504000,41675926500.000000,1.347000,1.349000,1.323000,1.329000,915180.000000,122324775.000000
2025-08-28,7331.187000,7447.110000,7216.766000,7447.110000,38146643500.000000,1.324000,1.332000,1.305000,1.331000,694707.000000,91722149.000000
2025-08-29,7449.864000,7477.204000,7380.830000,7438.677000,32764088100.000000,1.329000,1.340000,1.327000,1.340000,688173.000000,91895904.000000
2025-09-01,7475.000000,7502.592000,7424.341000,7501.148000,32422071200.000000,1.338000,1.341000,1.332000,1.338000,536112.000000,71671314.000000
2025-09-02,7498.445000,7499.602000,7258.589000,7313.882000,35043585300.000000,1.338000,1.342000,1.322000,1.338000,566327.000000,75480405.000000
2025-09-03,7336.386000,7361.028000,7182.291000,7206.876000,29028856800.000000,1.337000,1.337000,1.313000,1.316000,543909.000000,71976420.000000
2025-09-04,7214.720000,7254.999000,6939.665000,7041.154000,29762275400.000000,1.316000,1.316000,1.293000,1.306000,712348.000000,92838266.000000
2025-09-05,7046.958000,7248.577000,7017.946000,7245.667000,28276593100.000000,1.305000,1.319000,1.296000,1.318000,548386.000000,71724998.000000
2025-09-08,7257.332000,7321.157000,7220.591000,7311.034000,30781328900.000000,1.317000,1.324000,1.313000,1.322000,425760.000000,56187304.000000
2025-09-09,7287.402000,7315.967000,7198.319000,7226.028000,28244306100.000000,1.320000,1.324000,1.310000,1.316000,551073.000000,72728001.000000
2025-09-10,7214.226000,7296.001000,7179.757000,7230.168000,25267415800.000000,1.314000,1.323000,1.312000,1.320000,330459.000000,43560648.000000
2025-09-11,7215.928000,7399.885000,7161.281000,7399.885000,29397514200.000000,1.318000,1.340000,1.311000,1.340000,533009.000000,70684030.000000
2025-09-12,7402.417000,7472.874000,7387.589000,7422.884000,31583879300.000000,1.340000,1.342000,1.333000,1.335000,537875.000000,72000985.000000
2025-09-15,7445.498000,7454.295000,7404.496000,7415.571000,30130776100.000000,1.335000,1.338000,1.330000,1.332000,294320.000000,39257521.000000
2025-09-16,7426.409000,7487.066000,7364.733000,7483.628000,30901059000.000000,1.331000,1.336000,1.324000,1.332000,263475.000000,35029891.000000
2025-09-17,7478.408000,7564.816000,7461.410000,7554.813000,30170648500.000000,1.332000,1.338000,1.328000,1.337000,254001.000000,33879057.000000
2025-09-18,7552.230000,7665.970000,7393.180000,7476.402000,39860010200.000000,1.337000,1.343000,1.312000,1.321000,524323.000000,69814595.000000
2025-09-19,7473.022000,7520.919000,7405.291000,7438.189000,29589587000.000000,1.316000,1.325000,1.315000,1.319000,297701.000000,39274664.000000
2025-09-22,7457.886000,7489.478000,7418.465000,7489.478000,27036260200.000000,1.319000,1.320000,1.311000,1.319000,214503.000000,28223381.000000
2025-09-23,7500.618000,7504.231000,7261.666000,7408.069000,31326028000.000000,1.320000,1.320000,1.300000,1.317000,518591.000000,67834899.000000
2025-09-24,7375.911000,7534.222000,7342.470000,7534.222000,27891276100.000000,1.307000,1.326000,1.307000,1.325000,465758.000000,61437035.000000
2025-09-25,7521.317000,7563.079000,7487.119000,7506.512000,26440371200.000000,1.325000,1.330000,1.322000,1.327000,351281.000000,46571911.000000
2025-09-26,7476.937000,7516.111000,7396.585000,7397.589000,25875025900.000000,1.325000,1.328000,1.321000,1.322000,224415.000000,29721860.000000
2025-09-29,7415.128000,7517.118000,7376.909000,7497.831000,25868018400.000000,1.321000,1.339000,1.315000,1.335000,310456.000000,41194672.000000
2025-09-30,7525.624000,7592.914000,7524.915000,7574.963000,25517378500.000000,1.334000,1.340000,1.330000,1.337000,263282.000000,35173393.000000
2025-10-09,7623.299000,7671.171000,7590.473000,7648.052000,30349138000.000000,1.337000,1.358000,1.337000,1.358000,338062.000000,45606799.000000
2025-10-10,7608.292000,7621.976000,7513.166000,7533.820000,29042992200.000000,1.357000,1.358000,1.346000,1.349000,280548.000000,37942054.000000
2025-10-13,7250.579000,7535.207000,7250.579000,7519.764000,28840041100.000000,1.322000,1.348000,1.316000,1.345000,265499.000000,35386833.000000
2025-10-14,7580.393000,7611.826000,7342.600000,7373.152000,30441201300.000000,1.342000,1.355000,1.335000,1.345000,420395.000000,56638560.000000
2025-10-15,7384.011000,7484.049000,7315.483000,7483.449000,24485396500.000000,1.341000,1.355000,1.336000,1.354000,285734.000000,38408091.000000
2025-10-16,7460.763000,7472.755000,7378.297000,7401.838000,23464307000.000000,1.350000,1.360000,1.350000,1.356000,271397.000000,36785512.000000
2025-10-17,7395.866000,7426.210000,7176.959000,7185.478000,25432732500.000000,1.356000,1.358000,1.330000,1.336000,732132.000000,98127351.000000
2025-10-20,7259.486000,7301.988000,7196.280000,7239.185000,21857967600.000000,1.338000,1.343000,1.336000,1.341000,356847.000000,47778043.000000
2025-10-21,7257.112000,7350.923000,7236.634000,7344.047000,23725016500.000000,1.340000,1.359000,1.339000,1.358000,517090.000000,69897429.000000
2025-10-22,7304.964000,7349.797000,7278.713000,7312.210000,22732450300.000000,1.355000,1.359000,1.351000,1.357000,293178.000000,39742685.000000
2025-10-23,7292.390000,7319.550000,7192.416000,7308.099000,23156897600.000000,1.356000,1.364000,1.347000,1.364000,347444.000000,46997119.000000
2025-10-24,7340.669000,7419.407000,7340.669000,7419.235000,24555995300.000000,1.364000,1.374000,1.362000,1.373000,356627.000000,48810348.000000
2025-10-27,7483.295000,7511.414000,7430.620000,7495.383000,26534474900.000000,1.375000,1.395000,1.375000,1.393000,372961.000000,51630359.000000
2025-10-28,7462.911000,7534.051000,7443.701000,7479.221000,25180424900.000000,1.394000,1.395000,1.382000,1.387000,409068.000000,56804373.000000
2025-10-29,7481.237000,7569.117000,7469.070000,7569.117000,26584612900.000000,1.388000,1.394000,1.383000,1.394000,270112.000000,37521704.000000
2025-10-30,7560.600000,7569.156000,7476.701000,7485.085000,29738526900.000000,1.394000,1.395000,1.382000,1.387000,296061.000000,41130224.000000
2025-10-31,7480.658000,7583.033000,7480.658000,7506.675000,29974520600.000000,1.386000,1.387000,1.372000,1.376000,596982.000000,82179652.000000
2025-11-03,7507.374000,7539.327000,7417.273000,7538.118000,27824170500.000000,1.376000,1.381000,1.367000,1.380000,332111.000000,45604034.000000
2025-11-04,7523.640000,7523.640000,7387.378000,7435.731000,25167741300.000000,1.375000,1.381000,1.368000,1.374000,318375.000000,43748248.000000
2025-11-05,7332.104000,7490.904000,7332.104000,7464.863000,25854817800.000000,1.364000,1.381000,1.362000,1.377000,424611.000000,58228554.000000
2025-11-06,7482.908000,7551.830000,7466.752000,7551.830000,26361295900.000000,1.377000,1.391000,1.376000,1.390000,495800.000000,68733377.000000
2025-11-07,7519.748000,7581.560000,7492.926000,7541.878000,26788866400.000000,1.387000,1.392000,1.386000,1.390000,138250.000000,19201175.000000
2025-11-10,7568.751000,7592.757000,7515.684000,7563.254000,27436131700.000000,1.389000,1.398000,1.387000,1.397000,265653.000000,36987572.000000
2025-11-11,7579.908000,7598.988000,7530.144000,7540.791000,26525073100.000000,1.397000,1.399000,1.390000,1.393000,201650.000000,28110869.000000
2025-11-12,7520.179000,7537.761000,7421.459000,7486.377000,26696336300.000000,1.392000,1.398000,1.386000,1.393000,278060.000000,38697174.000000
2025-11-13,7483.664000,7604.891000,7475.511000,7590.576000,27563607300.000000,1.392000,1.400000,1.388000,1.400000,256307.000000,35771436.000000
2025-11-14,7527.834000,7591.315000,7502.757000,7502.757000,27197278300.000000,1.395000,1.401000,1.389000,1.391000,223999.000000,31243043.000000
2025-11-17,7514.840000,7544.723000,7487.808000,7523.076000,26115611800.000000,1.388000,1.388000,1.376000,1.380000,470625.000000,64965175.000000
2025-11-18,7508.531000,7521.656000,7412.276000,7448.101000,27748040900.000000,1.376000,1.378000,1.363000,1.369000,553531.000000,75825514.000000
2025-11-19,7438.139000,7471.732000,7348.037000,7387.208000,23839382000.000000,1.368000,1.374000,1.365000,1.372000,368839.000000,50525501.000000
2025-11-20,7429.700000,7439.044000,7332.321000,7340.412000,22753609000.000000,1.375000,1.377000,1.364000,1.367000,405313.000000,55534006.000000
2025-11-21,7235.326000,7274.334000,7067.703000,7067.703000,28480069000.000000,1.356000,1.362000,1.331000,1.334000,1274546.000000,171153411.000000
2025-11-24,7105.642000,7190.723000,7064.598000,7156.409000,24065506200.000000,1.335000,1.339000,1.325000,1.331000,562729.000000,74890721.000000
2025-11-25,7195.100000,7311.727000,7194.766000,7249.947000,24542942900.000000,1.332000,1.344000,1.332000,1.340000,666251.000000,89262162.000000
2025-11-26,7236.655000,7307.199000,7225.087000,7248.449000,23177682400.000000,1.340000,1.343000,1.336000,1.340000,399779.000000,53581689.000000
2025-11-27,7243.714000,7330.600000,7243.714000,7257.454000,21127741200.000000,1.337000,1.350000,1.337000,1.343000,451595.000000,60751109.000000
2025-11-28,7257.165000,7334.210000,7239.854000,7334.210000,20068050800.000000,1.343000,1.353000,1.337000,1.351000,258014.000000,34715268.000000
2025-12-01,7356.513000,7388.618000,7342.596000,7386.681000,23441158300.000000,1.352000,1.356000,1.350000,1.356000,269785.000000,36513105.000000
2025-12-02,7364.204000,7364.204000,7299.272000,7313.178000,20051247700.000000,1.355000,1.356000,1.349000,1.352000,202308.000000,27351091.000000
2025-12-03,7312.667000,7324.211000,7220.976000,7248.274000,21463340000.000000,1.352000,1.354000,1.343000,1.347000,220528.000000,29746162.000000
2025-12-04,7246.862000,7269.902000,7185.911000,7248.657000,19483925400.000000,1.346000,1.349000,1.340000,1.346000,186206.000000,25030963.000000
2025-12-05,7244.277000,7346.999000,7194.661000,7342.492000,21572766300.000000,1.345000,1.355000,1.341000,1.353000,279772.000000,37725921.000000
2025-12-08,7359.488000,7446.192000,7359.488000,7423.046000,24091899500.000000,1.355000,1.364000,1.354000,1.360000,367658.000000,49970355.000000
2025-12-09,7400.934000,7439.546000,7370.296000,7380.584000,22849142800.000000,1.357000,1.359000,1.352000,1.355000,151621.000000,20559622.000000
2025-12-10,7367.492000,7421.423000,7332.053000,7408.244000,21561113400.000000,1.350000,1.353000,1.342000,1.351000,270827.000000,36472175.000000
2025-12-11,7421.787000,7425.441000,7311.995000,7311.995000,23402087300.000000,1.351000,1.353000,1.336000,1.343000,487780.000000,65499288.000000
2025-12-12,7312.871000,7384.848000,7284.555000,7370.942000,24352518300.000000,1.341000,1.344000,1.334000,1.342000,418386.000000,55999870.000000
2025-12-15,7324.480000,7375.612000,7305.832000,7309.078000,22095769700.000000,1.335000,1.347000,1.335000,1.339000,319742.000000,42891693.000000
2025-12-16,7302.159000,7302.159000,7143.615000,7181.620000,23052600700.000000,1.338000,1.338000,1.323000,1.327000,659205.000000,87476387.000000
2025-12-17,7178.307000,7303.375000,7149.019000,7288.738000,22049877500.000000,1.325000,1.343000,1.323000,1.340000,526290.000000,70159490.000000
2025-12-18,7244.640000,7336.732000,7241.861000,7272.402000,20004466200.000000,1.338000,1.348000,1.334000,1.344000,452081.000000,60722404.000000
2025-12-19,7295.671000,7357.042000,7279.987000,7329.806000,21920554700.000000,1.345000,1.356000,1.344000,1.352000,329493.000000,44515482.000000
2025-12-22,7363.064000,7433.428000,7363.064000,7408.349000,22160188600.000000,1.351000,1.359000,1.350000,1.357000,333313.000000,45210675.000000
2025-12-23,7410.224000,7441.412000,7363.934000,7392.420000,22428856600.000000,1.357000,1.363000,1.355000,1.356000,315831.000000,42908501.000000
2025-12-24,7391.561000,7513.254000,7386.489000,7506.381000,21796145500.000000,1.356000,1.367000,1.355000,1.365000,184322.000000,25087489.000000
2025-12-25,7507.297000,7591.782000,7502.154000,7579.379000,22874491700.000000,1.364000,1.372000,1.361000,1.370000,187481.000000,25654785.000000
2025-12-26,7575.926000,7644.840000,7550.014000,7605.530000,26626161100.000000,1.370000,1.375000,1.363000,1.370000,226749.000000,31066277.000000
2025-12-29,7606.435000,7637.910000,7574.775000,7594.158000,26406479600.000000,1.369000,1.375000,1.367000,1.370000,273709.000000,37536128.000000
2025-12-30,7556.537000,7636.153000,7552.401000,7597.299000,26333187400.000000,1.369000,1.374000,1.363000,1.370000,185629.000000,25411015.000000
2025-12-31,7606.646000,7619.221000,7560.723000,7595.285000,24454923100.000000,1.369000,1.373000,1.366000,1.370000,155897.000000,21360608.000000
